{"noiseKey":{"private":{"type":"Buffer","data":"aLG/bgnxiQ/UT/tNKsq3nDkhCtzFPF4zvzUhqrdnwUY="},"public":{"type":"Buffer","data":"IFYSzVg1s2eaa119AroZu9nevQrZioHtXdApIp6iNTI="}},"pairingEphemeralKeyPair":{"private":{"type":"Buffer","data":"OGbHMafrU9Qf+QwLGHQkELZlRQoCiAw+B9iUUJwHg04="},"public":{"type":"Buffer","data":"2HuSNQ8wIN2Uqzk4IFJI4DScTq9gM99z1A+Y5ldJW0Q="}},"signedIdentityKey":{"private":{"type":"Buffer","data":"yFHHnDhXFilW27H5GyDiAIhln76cLZkqILCY00s5lkw="},"public":{"type":"Buffer","data":"/hUunXi67WNpS0VpyJbrLNowfXr6gqHEQ8b8XTkzOVk="}},"signedPreKey":{"keyPair":{"private":{"type":"Buffer","data":"kKcpsbtQV7RZmkkuVJYJ8i4p0f8RaxhN/ttEd9ghLXw="},"public":{"type":"Buffer","data":"G/7cqBczlUUaoZrNT+OkEsdWT1TIHl1no3d5OPvCA0A="}},"signature":{"type":"Buffer","data":"4E6h1b4CSWW0Xmv1QUe4sL0lcn1I2bs8vAGQtnjH6ZdBEZF6Eoep5IzAR7ZDdfXAGN5Xko77tJrD44MIKOBODw=="},"keyId":1},"registrationId":113,"advSecretKey":"Vtezc6eM0q6Rox7luMpPyLoKFn2N36Uo6CYv34szq9Y=","processedHistoryMessages":[{"key":{"remoteJid":"967730272871@s.whatsapp.net","fromMe":true,"id":"6ADB9091EB1D90D78E5E7684F2D82F1A"},"messageTimestamp":1727263520},{"key":{"remoteJid":"967730272871@s.whatsapp.net","fromMe":true,"id":"F7575854BB46BEEA61363C2C6ED0A28F"},"messageTimestamp":1727263521}],"nextPreKeyId":31,"firstUnuploadedPreKeyId":31,"accountSyncCounter":1,"accountSettings":{"unarchiveChats":false},"deviceId":"fdxnfMACQ6e-q7KC-Cnb8Q","phoneId":"314ce757-1bc7-4ac7-850a-c3c067ce03bb","identityId":{"type":"Buffer","data":"fSooZ9Pd8ttGzbIrlBDGcGrXLzQ="},"registered":true,"backupToken":{"type":"Buffer","data":"4kIssPPR6QJeFs2TNxyNTHN3yRo="},"registration":{},"pairingCode":"87HZBG1X","me":{"id":"967730272871:40@s.whatsapp.net","name":"شلم","lid":"79319942623373:40@lid"},"account":{"details":"CJvL6f4GEI7mz7cGGAIgACgA","accountSignatureKey":"2TWy5naHXHEd4sP5xaqqoEfaG1ZSoso5X5/t7CF5Olo=","accountSignature":"hYu3RGMyeDWzSod5x+Dy4fMOPM6uDWdNHrRmIcug1AaoYKuVSMewr17R9qs2GIHc3HlVKTTV2SkNqKeIJCONAQ==","deviceSignature":"GYNDO+dXrUMsrfH3ESKFYY3n/PLvocrVMeDxa/UngdYbEed1xy652Om5+33fMCMFPyMyc87QUrWPrzI85dGYCg=="},"signalIdentities":[{"identifier":{"name":"967730272871:40@s.whatsapp.net","deviceId":0},"identifierKey":{"type":"Buffer","data":"Bdk1suZ2h1xxHeLD+cWqqqBH2htWUqLKOV+f7ewheTpa"}}],"platform":"smba","routingInfo":{"type":"Buffer","data":"CBIICA=="},"lastAccountSyncTimestamp":1727263518,"lastPropHash":"2ovqyy","myAppStateKeyId":"AAAAAOOv"}